{"cameraMode":{"drawMode":0,"name":"Shaded","section":"Shading Mode"},"sceneLighting":true,"audioPlay":false,"sceneViewState":{"m_AlwaysRefresh":true,"showFog":true,"showSkybox":true,"showFlares":true,"showImageEffects":true,"showParticleSystems":true,"showVisualEffectGraphs":true,"m_FxEnabled":true},"in2DMode":false,"pivot":{"x":797.925048828125,"y":313.2209777832031,"z":-46.66633605957031},"rotation":{"x":-0.0063096643425524239,"y":-0.0024030415806919338,"z":0.000015086312487255782,"w":-0.9999760985374451},"size":603.1557006835938,"orthographic":false}